stream,section,date,year,agency,observer,clusterID,min,max,notes
Blackrock,1,2022-07-23,2022,UW,JB,,1,1,
Blackrock,1,2022-07-23,2022,UW,JB,,1,1,
Blackrock,2,2022-07-23,2022,UW,JB,,1,1,
Blackrock,3,2022-07-23,2022,UW,JB,,,,no redds
Blackrock,4,2022-07-23,2022,UW,JB,,,,no redds
Spread,1,2022-07-23,2022,UW,JB,,1,2,
Spread,2,2022-07-23,2022,UW,JB,,,,no redds
Spread,3,2022-07-23,2022,UW,JB,,,,no redds
Spread,4,2022-07-23,2022,UW,JB,,,,no redds
Willow,1,2022-07-24,2022,UW,JB,,,,no redds
Willow,2,2022-07-24,2022,UW,JB,,1,1,
Willow,3,2022-07-24,2022,UW,JB,,,,no redds
Willow,4,2022-07-24,2022,UW,JB,,,,no redds
Cliff,1,2022-07-24,2022,UW,JB,,,,no redds
Cliff,2,2022-07-24,2022,UW,JB,,,,no redds
Cliff,3,2022-07-24,2022,UW,JB,,,,no redds
Cliff,4,2022-07-24,2022,UW,JB,,,,no redds
Fish,1,2022-07-25,2022,UW,JB,,7,9,
Fish,1,2022-07-25,2022,UW,JB,,3,4,
Fish,1,2022-07-25,2022,UW,JB,,5,7,
Fish,1,2022-07-25,2022,UW,JB,,1,1,
Fish,1,2022-07-25,2022,UW,JB,,2,2,
Fish,1,2022-07-25,2022,UW,JB,,2,3,
Fish,1,2022-07-25,2022,UW,JB,,2,3,
Fish,1,2022-07-25,2022,UW,JB,,1,2,
Fish,1,2022-07-25,2022,UW,JB,,1,1,
Fish,2,2022-07-25,2022,UW,JB,,1,1,
Fish,3,2022-07-25,2022,UW,JB,,3,3,
Fish,3,2022-07-25,2022,UW,JB,,2,2,
Fish,3,2022-07-25,2022,UW,JB,,2,2,
Fish,4,2022-07-25,2022,UW,JB,,3,3,
Fish,4,2022-07-25,2022,UW,JB,,2,2,
Fish,4,2022-07-25,2022,UW,JB,,2,2,
Fish,4,2022-07-25,2022,UW,JB,,2,2,
Fish,4,2022-07-25,2022,UW,JB,,1,1,
Mosquito,1,2022-07-25,2022,UW,JB,,,,no redds
Mosquito,2,2022-07-25,2022,UW,JB,,1,1,
Mosquito,3,2022-07-25,2022,UW,JB,,,,no redds
Mosquito,4,2022-07-25,2022,UW,JB,,1,1,
Crystal,1,2022-07-26,2022,UW,JB,,2,2,
Crystal,1,2022-07-26,2022,UW,JB,,1,1,
Crystal,1,2022-07-26,2022,UW,JB,,1,1,
Crystal,1,2022-07-26,2022,UW,JB,,2,2,
Crystal,1,2022-07-26,2022,UW,JB,,1,1,
Crystal,1,2022-07-26,2022,UW,JB,,2,2,
Crystal,1,2022-07-26,2022,UW,JB,,1,1,
Crystal,1,2022-07-26,2022,UW,JB,,2,2,
Crystal,2,2022-07-26,2022,UW,JB,,1,1,
Crystal,2,2022-07-26,2022,UW,JB,,1,1,
Crystal,2,2022-07-26,2022,UW,JB,,1,1,
Crystal,2,2022-07-26,2022,UW,JB,,1,1,
Crystal,2,2022-07-26,2022,UW,JB,,1,1,
Crystal,2,2022-07-26,2022,UW,JB,,2,2,
Crystal,2,2022-07-26,2022,UW,JB,,1,1,
Crystal,3,2022-07-26,2022,UW,JB,,2,3,
Crystal,3,2022-07-26,2022,UW,JB,,1,1,
Crystal,3,2022-07-26,2022,UW,JB,,2,2,
Crystal,3,2022-07-26,2022,UW,JB,,1,1,
Crystal,3,2022-07-26,2022,UW,JB,,2,3,
Crystal,3,2022-07-26,2022,UW,JB,,1,1,
Crystal,3,2022-07-26,2022,UW,JB,,3,3,
Crystal,3,2022-07-26,2022,UW,JB,,1,1,
Crystal,3,2022-07-26,2022,UW,JB,,1,1,
Crystal,3,2022-07-26,2022,UW,JB,,1,1,
Crystal,3,2022-07-26,2022,UW,JB,,1,1,
Crystal,3,2022-07-26,2022,UW,JB,,1,1,
Crystal,3,2022-07-26,2022,UW,JB,,1,1,
Crystal,3,2022-07-26,2022,UW,JB,,1,1,
Crystal,3,2022-07-26,2022,UW,JB,,3,3,
Crystal,3,2022-07-26,2022,UW,JB,,1,1,
Crystal,3,2022-07-26,2022,UW,JB,,1,1,
Crystal,3,2022-07-26,2022,UW,JB,,1,1,
Crystal,3,2022-07-26,2022,UW,JB,,1,1,
Crystal,3,2022-07-26,2022,UW,JB,,1,1,
Crystal,3,2022-07-26,2022,UW,JB,,1,1,
Crystal,4,2022-07-26,2022,UW,JB,,1,1,
Crystal,4,2022-07-26,2022,UW,JB,,1,1,
Crystal,4,2022-07-26,2022,UW,JB,,1,1,
Crystal,4,2022-07-26,2022,UW,JB,,2,2,
Crystal,4,2022-07-26,2022,UW,JB,,2,2,
Crystal,4,2022-07-26,2022,UW,JB,,1,1,
Blacktail,1,2022-07-26,2022,UW,JB,,2,2,
Blacktail,1,2022-07-26,2022,UW,JB,,1,1,
Blacktail,1,2022-07-26,2022,UW,JB,,2,3,
Blacktail,1,2022-07-26,2022,UW,JB,,1,1,
Blacktail,1,2022-07-26,2022,UW,JB,,6,6,
Blacktail,1,2022-07-26,2022,UW,JB,,1,1,
Blacktail,1,2022-07-26,2022,UW,JB,,5,5,
Blacktail,1,2022-07-26,2022,UW,JB,,2,2,
Blacktail,1,2022-07-26,2022,UW,JB,,1,1,
Blacktail,1,2022-07-26,2022,UW,JB,,3,4,
Blacktail,1,2022-07-26,2022,UW,JB,,1,1,
Blacktail,1,2022-07-26,2022,UW,JB,,2,2,
Blacktail,1,2022-07-26,2022,UW,JB,,1,1,
Blacktail,1,2022-07-26,2022,UW,JB,,2,2,
Blacktail,1,2022-07-26,2022,UW,JB,,1,1,
Blacktail,1,2022-07-26,2022,UW,JB,,1,1,
Blacktail,1,2022-07-26,2022,UW,JB,,2,2,
Blacktail,1,2022-07-26,2022,UW,JB,,4,6,
Blacktail,1,2022-07-26,2022,UW,JB,,2,2,
Blacktail,1,2022-07-26,2022,UW,JB,,1,1,
Blacktail,1,2022-07-26,2022,UW,JB,,2,3,
Blacktail,1,2022-07-26,2022,UW,JB,,2,3,
Blacktail,1,2022-07-26,2022,UW,JB,,2,2,
Blacktail,1,2022-07-26,2022,UW,JB,,4,4,
Blacktail,1,2022-07-26,2022,UW,JB,,3,3,
Blacktail,1,2022-07-26,2022,UW,JB,,1,1,
Blacktail,1,2022-07-26,2022,UW,JB,,1,1,
Blacktail,1,2022-07-26,2022,UW,JB,,2,2,
Blacktail,1,2022-07-26,2022,UW,JB,,2,2,
Blacktail,1,2022-07-26,2022,UW,JB,,8,10,
Blacktail,1,2022-07-26,2022,UW,JB,,6,6,
Blacktail,1,2022-07-26,2022,UW,JB,,1,1,
Blacktail,1,2022-07-26,2022,UW,JB,,1,1,
Blacktail,1,2022-07-26,2022,UW,JB,,2,2,
Blacktail,1,2022-07-26,2022,UW,JB,,1,1,
Blacktail,1,2022-07-26,2022,UW,JB,,3,3,
Blacktail,1,2022-07-26,2022,UW,JB,,6,8,
Blacktail,1,2022-07-26,2022,UW,JB,,7,9,
Blacktail,1,2022-07-26,2022,UW,JB,,1,1,
Blacktail,1,2022-07-26,2022,UW,JB,,4,5,
Blacktail,1,2022-07-26,2022,UW,JB,,1,1,
Blacktail,1,2022-07-26,2022,UW,JB,,2,2,
Blacktail,1,2022-07-26,2022,UW,JB,,2,2,
Blacktail,1,2022-07-26,2022,UW,JB,,2,2,
Blacktail,1,2022-07-26,2022,UW,JB,,2,2,
Blacktail,1,2022-07-26,2022,UW,JB,,1,1,
Blacktail,1,2022-07-26,2022,UW,JB,,1,1,
Blacktail,2,2022-07-26,2022,UW,JB,,2,2,
Blacktail,2,2022-07-26,2022,UW,JB,,2,3,
Blacktail,2,2022-07-26,2022,UW,JB,,1,1,
Blacktail,2,2022-07-26,2022,UW,JB,,2,2,
Blacktail,2,2022-07-26,2022,UW,JB,,1,1,
Blacktail,2,2022-07-26,2022,UW,JB,,1,1,
Blacktail,2,2022-07-26,2022,UW,JB,,4,4,
Blacktail,2,2022-07-26,2022,UW,JB,,2,2,
Blacktail,2,2022-07-26,2022,UW,JB,,1,1,
Blacktail,2,2022-07-26,2022,UW,JB,,1,1,
Blacktail,2,2022-07-26,2022,UW,JB,,3,3,
Blacktail,2,2022-07-26,2022,UW,JB,,2,2,
Blacktail,2,2022-07-26,2022,UW,JB,,1,1,
Blacktail,2,2022-07-26,2022,UW,JB,,2,2,
Blacktail,2,2022-07-26,2022,UW,JB,,1,1,
Blacktail,2,2022-07-26,2022,UW,JB,,1,1,
Blacktail,2,2022-07-26,2022,UW,JB,,2,3,
Blacktail,2,2022-07-26,2022,UW,JB,,4,4,
Blacktail,2,2022-07-26,2022,UW,JB,,1,1,
Blacktail,2,2022-07-26,2022,UW,JB,,3,3,
Blacktail,2,2022-07-26,2022,UW,JB,,1,1,
Blacktail,2,2022-07-26,2022,UW,JB,,4,5,
Blacktail,2,2022-07-26,2022,UW,JB,,2,2,
Blacktail,2,2022-07-26,2022,UW,JB,,1,1,
Blacktail,2,2022-07-26,2022,UW,JB,,5,5,
Blacktail,2,2022-07-26,2022,UW,JB,,3,3,
Blacktail,2,2022-07-26,2022,UW,JB,,2,2,
Blacktail,2,2022-07-26,2022,UW,JB,,2,3,
Blacktail,2,2022-07-26,2022,UW,JB,,4,4,
Blacktail,2,2022-07-26,2022,UW,JB,,1,1,
Blacktail,2,2022-07-26,2022,UW,JB,,1,1,
Blacktail,2,2022-07-26,2022,UW,JB,,1,1,
Blacktail,2,2022-07-26,2022,UW,JB,,1,1,
Blacktail,2,2022-07-26,2022,UW,JB,,1,1,
Blacktail,2,2022-07-26,2022,UW,JB,,4,4,
Blacktail,2,2022-07-26,2022,UW,JB,,1,1,
Blacktail,2,2022-07-26,2022,UW,JB,,2,2,
Blacktail,2,2022-07-26,2022,UW,JB,,7,8,
Blacktail,2,2022-07-26,2022,UW,JB,,3,3,
Blacktail,2,2022-07-26,2022,UW,JB,,6,6,
Blacktail,2,2022-07-26,2022,UW,JB,,2,2,
Blacktail,2,2022-07-26,2022,UW,JB,,2,2,
Blacktail,2,2022-07-26,2022,UW,JB,,2,3,
Blacktail,2,2022-07-26,2022,UW,JB,,6,6,
Blacktail,2,2022-07-26,2022,UW,JB,,3,3,
Blacktail,2,2022-07-26,2022,UW,JB,,2,2,
Blacktail,2,2022-07-26,2022,UW,JB,,2,3,
Blacktail,2,2022-07-26,2022,UW,JB,,1,1,
Blacktail,2,2022-07-26,2022,UW,JB,,2,3,
Blacktail,2,2022-07-26,2022,UW,JB,,4,5,
Blacktail,2,2022-07-26,2022,UW,JB,,1,1,
Blacktail,2,2022-07-26,2022,UW,JB,,2,2,
Blacktail,2,2022-07-26,2022,UW,JB,,2,2,
Blacktail,2,2022-07-26,2022,UW,JB,,1,1,
Blacktail,2,2022-07-26,2022,UW,JB,,5,5,
Blacktail,2,2022-07-26,2022,UW,JB,,2,2,
Blacktail,2,2022-07-26,2022,UW,JB,,3,5,
Blacktail,2,2022-07-26,2022,UW,JB,,1,1,
Blacktail,4,2022-07-26,2022,UW,JB,,2,2,
Blacktail,4,2022-07-26,2022,UW,JB,,3,3,
Blacktail,4,2022-07-26,2022,UW,JB,,1,1,
Blacktail,4,2022-07-26,2022,UW,JB,,1,1,
Blacktail,3,2022-07-26,2022,UW,JB,,1,1,
Blacktail,3,2022-07-26,2022,UW,JB,,1,1,
Blacktail,3,2022-07-26,2022,UW,JB,,2,2,
Blacktail,3,2022-07-26,2022,UW,JB,,1,1,
Blacktail,3,2022-07-26,2022,UW,JB,,1,1,
Blacktail,3,2022-07-26,2022,UW,JB,,1,1,
Blacktail,3,2022-07-26,2022,UW,JB,,1,1,
Blacktail,3,2022-07-26,2022,UW,JB,,1,1,
Blacktail,3,2022-07-26,2022,UW,JB,,1,1,
Blacktail,3,2022-07-26,2022,UW,JB,,1,1,
Blacktail,3,2022-07-26,2022,UW,JB,,1,1,
Blacktail,3,2022-07-26,2022,UW,JB,,3,3,
Blacktail,3,2022-07-26,2022,UW,JB,,2,2,
Lower Bar BC,1,2022-07-27,2022,UW,JB,,1,1,
Lower Bar BC,1,2022-07-27,2022,UW,JB,,4,4,
Lower Bar BC,1,2022-07-27,2022,UW,JB,,1,1,
Lower Bar BC,1,2022-07-27,2022,UW,JB,,1,2,
Lower Bar BC,1,2022-07-27,2022,UW,JB,,4,5,
Lower Bar BC,1,2022-07-27,2022,UW,JB,,1,1,
Lower Bar BC,1,2022-07-27,2022,UW,JB,,4,4,
Lower Bar BC,1,2022-07-27,2022,UW,JB,,1,2,
Lower Bar BC,1,2022-07-27,2022,UW,JB,,2,2,
Lower Bar BC,2,2022-07-27,2022,UW,JB,,2,2,
Lower Bar BC,2,2022-07-27,2022,UW,JB,,1,1,
Lower Bar BC,2,2022-07-27,2022,UW,JB,,1,2,
Lower Bar BC,2,2022-07-27,2022,UW,JB,,1,1,
Lower Bar BC,2,2022-07-27,2022,UW,JB,,1,2,
Lower Bar BC,2,2022-07-27,2022,UW,JB,,4,4,
Lower Bar BC,2,2022-07-27,2022,UW,JB,,1,1,
Lower Bar BC,2,2022-07-27,2022,UW,JB,,1,1,
Lower Bar BC,2,2022-07-27,2022,UW,JB,,2,3,
Lower Bar BC,2,2022-07-27,2022,UW,JB,,2,2,
Lower Bar BC,2,2022-07-27,2022,UW,JB,,1,1,
Lower Bar BC,2,2022-07-27,2022,UW,JB,,1,1,
Lower Bar BC,2,2022-07-27,2022,UW,JB,,1,1,
Lower Bar BC,2,2022-07-27,2022,UW,JB,,2,2,
Lower Bar BC,2,2022-07-27,2022,UW,JB,,4,5,
Lower Bar BC,2,2022-07-27,2022,UW,JB,,1,1,
Lower Bar BC,2,2022-07-27,2022,UW,JB,,3,3,
Lower Bar BC,2,2022-07-27,2022,UW,JB,,3,3,
Lower Bar BC,2,2022-07-27,2022,UW,JB,,1,1,
Lower Bar BC,3,2022-07-27,2022,UW,JB,,1,1,
Lower Bar BC,3,2022-07-27,2022,UW,JB,,1,1,
Lower Bar BC,3,2022-07-27,2022,UW,JB,,1,1,
Lower Bar BC,3,2022-07-27,2022,UW,JB,,1,1,
Lower Bar BC,3,2022-07-27,2022,UW,JB,,3,4,
Lower Bar BC,3,2022-07-27,2022,UW,JB,,4,5,
Lower Bar BC,3,2022-07-27,2022,UW,JB,,2,2,
Lower Bar BC,3,2022-07-27,2022,UW,JB,,4,4,
Lower Bar BC,3,2022-07-27,2022,UW,JB,,1,1,
Lower Bar BC,3,2022-07-27,2022,UW,JB,,1,1,
Lower Bar BC,3,2022-07-27,2022,UW,JB,,1,1,
Lower Bar BC,3,2022-07-27,2022,UW,JB,,2,2,
Lower Bar BC,3,2022-07-27,2022,UW,JB,,3,3,
Lower Bar BC,3,2022-07-27,2022,UW,JB,,1,1,
Lower Bar BC,3,2022-07-27,2022,UW,JB,,2,2,
Lower Bar BC,3,2022-07-27,2022,UW,JB,,2,3,
Lower Bar BC,3,2022-07-27,2022,UW,JB,,3,3,
Lower Bar BC,3,2022-07-27,2022,UW,JB,,2,2,
Lower Bar BC,3,2022-07-27,2022,UW,JB,,4,4,
Lower Bar BC,3,2022-07-27,2022,UW,JB,,1,1,
Lower Bar BC,3,2022-07-27,2022,UW,JB,,1,1,
Lower Bar BC,3,2022-07-27,2022,UW,JB,,1,1,
Lower Bar BC,3,2022-07-27,2022,UW,JB,,2,2,
Lower Bar BC,3,2022-07-27,2022,UW,JB,,6,7,
Lower Bar BC,3,2022-07-27,2022,UW,JB,,2,3,
Lower Bar BC,3,2022-07-27,2022,UW,JB,,1,1,
Lower Bar BC,3,2022-07-27,2022,UW,JB,,2,2,
Lower Bar BC,3,2022-07-27,2022,UW,JB,,1,1,
Lower Bar BC,3,2022-07-27,2022,UW,JB,,2,2,
Lower Bar BC,3,2022-07-27,2022,UW,JB,,1,1,
Lower Bar BC,4,2022-07-27,2022,UW,JB,,2,2,
Lower Bar BC,4,2022-07-27,2022,UW,JB,,1,1,
Lower Bar BC,4,2022-07-27,2022,UW,JB,,6,6,
Lower Bar BC,4,2022-07-27,2022,UW,JB,,1,1,
Lower Bar BC,4,2022-07-27,2022,UW,JB,,3,3,
Lower Bar BC,4,2022-07-27,2022,UW,JB,,1,1,
Lower Bar BC,4,2022-07-27,2022,UW,JB,,1,1,
Lower Bar BC,4,2022-07-27,2022,UW,JB,,1,1,
3 Channel,1,2022-07-27,2022,UW,JB,,4,4,
3 Channel,1,2022-07-27,2022,UW,JB,,2,2,
3 Channel,1,2022-07-27,2022,UW,JB,,2,2,
3 Channel,1,2022-07-27,2022,UW,JB,,1,1,
3 Channel,1,2022-07-27,2022,UW,JB,,2,2,
3 Channel,1,2022-07-27,2022,UW,JB,,1,1,
3 Channel,1,2022-07-27,2022,UW,JB,,4,5,
3 Channel,1,2022-07-27,2022,UW,JB,,2,2,
3 Channel,1,2022-07-27,2022,UW,JB,,6,6,
3 Channel,1,2022-07-27,2022,UW,JB,,2,3,
3 Channel,1,2022-07-27,2022,UW,JB,,1,1,
3 Channel,2,2022-07-27,2022,UW,JB,,1,1,
3 Channel,2,2022-07-27,2022,UW,JB,,18,22,
3 Channel,2,2022-07-27,2022,UW,JB,,1,1,
3 Channel,2,2022-07-27,2022,UW,JB,,2,2,
3 Channel,2,2022-07-27,2022,UW,JB,,3,4,
3 Channel,2,2022-07-27,2022,UW,JB,,3,3,
3 Channel,2,2022-07-27,2022,UW,JB,,2,2,
3 Channel,2,2022-07-27,2022,UW,JB,,2,2,
3 Channel,2,2022-07-27,2022,UW,JB,,2,2,
3 Channel,2,2022-07-27,2022,UW,JB,,5,6,
3 Channel,2,2022-07-27,2022,UW,JB,,1,1,
3 Channel,2,2022-07-27,2022,UW,JB,,1,1,
3 Channel,2,2022-07-27,2022,UW,JB,,1,1,
3 Channel,2,2022-07-27,2022,UW,JB,,1,1,
3 Channel,3,2022-07-27,2022,UW,JB,,3,3,
3 Channel,3,2022-07-27,2022,UW,JB,,1,1,
3 Channel,3,2022-07-27,2022,UW,JB,,2,2,
3 Channel,3,2022-07-27,2022,UW,JB,,4,4,
3 Channel,3,2022-07-27,2022,UW,JB,,1,3,
3 Channel,3,2022-07-27,2022,UW,JB,,1,1,
3 Channel,3,2022-07-27,2022,UW,JB,,1,1,
3 Channel,3,2022-07-27,2022,UW,JB,,1,1,
3 Channel,3,2022-07-27,2022,UW,JB,,4,5,
3 Channel,3,2022-07-27,2022,UW,JB,,1,1,
3 Channel,3,2022-07-27,2022,UW,JB,,1,1,
3 Channel,3,2022-07-27,2022,UW,JB,,1,2,
3 Channel,3,2022-07-27,2022,UW,JB,,1,2,
3 Channel,3,2022-07-27,2022,UW,JB,,1,1,
3 Channel,4,2022-07-27,2022,UW,JB,,1,1,
3 Channel,4,2022-07-27,2022,UW,JB,,5,6,
3 Channel,4,2022-07-27,2022,UW,JB,,4,5,
3 Channel,4,2022-07-27,2022,UW,JB,,2,2,
3 Channel,4,2022-07-27,2022,UW,JB,,1,1,
3 Channel,4,2022-07-27,2022,UW,JB,,3,3,
3 Channel,4,2022-07-27,2022,UW,JB,,2,3,
3 Channel,4,2022-07-27,2022,UW,JB,,1,1,
3 Channel,4,2022-07-27,2022,UW,JB,,12,20,
3 Channel,4,2022-07-27,2022,UW,JB,,2,3,
3 Channel,4,2022-07-27,2022,UW,JB,,3,3,
3 Channel,4,2022-07-27,2022,UW,JB,,1,1,
Upper Bar BC,1,2022-07-27,2022,UW,JB,,1,1,
Upper Bar BC,1,2022-07-27,2022,UW,JB,,2,3,
Upper Bar BC,1,2022-07-27,2022,UW,JB,,2,2,
Upper Bar BC,1,2022-07-27,2022,UW,JB,,2,2,
Upper Bar BC,1,2022-07-27,2022,UW,JB,,2,3,
Upper Bar BC,1,2022-07-27,2022,UW,JB,,1,1,
Upper Bar BC,1,2022-07-27,2022,UW,JB,,1,1,
Upper Bar BC,1,2022-07-27,2022,UW,JB,,1,1,
Upper Bar BC,1,2022-07-27,2022,UW,JB,,1,1,
Upper Bar BC,1,2022-07-27,2022,UW,JB,,1,1,
Upper Bar BC,1,2022-07-27,2022,UW,JB,,1,1,
Upper Bar BC,1,2022-07-27,2022,UW,JB,,2,2,
Upper Bar BC,1,2022-07-27,2022,UW,JB,,2,2,
Upper Bar BC,1,2022-07-27,2022,UW,JB,,2,2,
Upper Bar BC,1,2022-07-27,2022,UW,JB,,1,1,
Upper Bar BC,1,2022-07-27,2022,UW,JB,,1,1,
Upper Bar BC,1,2022-07-27,2022,UW,JB,,3,3,
Upper Bar BC,1,2022-07-27,2022,UW,JB,,3,3,
Upper Bar BC,1,2022-07-27,2022,UW,JB,,3,3,
Upper Bar BC,1,2022-07-27,2022,UW,JB,,1,1,
Upper Bar BC,1,2022-07-27,2022,UW,JB,,1,1,
Upper Bar BC,1,2022-07-27,2022,UW,JB,,1,1,
Upper Bar BC,1,2022-07-27,2022,UW,JB,,1,1,
Upper Bar BC,1,2022-07-27,2022,UW,JB,,1,1,
Upper Bar BC,1,2022-07-27,2022,UW,JB,,2,2,
Upper Bar BC,1,2022-07-27,2022,UW,JB,,1,1,
Upper Bar BC,1,2022-07-27,2022,UW,JB,,2,2,
Upper Bar BC,1,2022-07-27,2022,UW,JB,,3,3,
Upper Bar BC,1,2022-07-27,2022,UW,JB,,2,2,
Upper Bar BC,1,2022-07-27,2022,UW,JB,,3,4,
Upper Bar BC,1,2022-07-27,2022,UW,JB,,5,7,
Upper Bar BC,1,2022-07-27,2022,UW,JB,,6,6,
Upper Bar BC,1,2022-07-27,2022,UW,JB,,2,2,
Upper Bar BC,1,2022-07-27,2022,UW,JB,,1,1,
Upper Bar BC,1,2022-07-27,2022,UW,JB,,2,3,
Upper Bar BC,1,2022-07-27,2022,UW,JB,,1,1,
Upper Bar BC,1,2022-07-27,2022,UW,JB,,2,3,
Upper Bar BC,1,2022-07-27,2022,UW,JB,,11,13,
Upper Bar BC,1,2022-07-27,2022,UW,JB,,1,1,
Upper Bar BC,1,2022-07-27,2022,UW,JB,,2,2,
Upper Bar BC,1,2022-07-27,2022,UW,JB,,4,4,
Upper Bar BC,1,2022-07-27,2022,UW,JB,,6,6,
Upper Bar BC,1,2022-07-27,2022,UW,JB,,7,9,
Upper Bar BC,1,2022-07-27,2022,UW,JB,,9,11,
Upper Bar BC,1,2022-07-27,2022,UW,JB,,3,4,
Upper Bar BC,1,2022-07-27,2022,UW,JB,,4,4,
Upper Bar BC,1,2022-07-27,2022,UW,JB,,3,3,
Upper Bar BC,1,2022-07-27,2022,UW,JB,,1,1,
Upper Bar BC,1,2022-07-27,2022,UW,JB,,1,1,
Upper Bar BC,1,2022-07-27,2022,UW,JB,,1,1,
Upper Bar BC,1,2022-07-27,2022,UW,JB,,1,1,
Upper Bar BC,1,2022-07-27,2022,UW,JB,,2,3,
Upper Bar BC,2,2022-07-27,2022,UW,JB,,5,5,
Upper Bar BC,2,2022-07-27,2022,UW,JB,,4,4,
Upper Bar BC,2,2022-07-27,2022,UW,JB,,2,2,
Upper Bar BC,2,2022-07-27,2022,UW,JB,,1,1,
Upper Bar BC,2,2022-07-27,2022,UW,JB,,1,1,
Upper Bar BC,2,2022-07-27,2022,UW,JB,,5,7,
Upper Bar BC,2,2022-07-27,2022,UW,JB,,3,3,
Upper Bar BC,2,2022-07-27,2022,UW,JB,,1,1,
Upper Bar BC,2,2022-07-27,2022,UW,JB,,2,2,
Upper Bar BC,2,2022-07-27,2022,UW,JB,,2,2,
Upper Bar BC,2,2022-07-27,2022,UW,JB,,1,1,
Upper Bar BC,2,2022-07-27,2022,UW,JB,,1,1,
Upper Bar BC,2,2022-07-27,2022,UW,JB,,2,2,
Upper Bar BC,2,2022-07-27,2022,UW,JB,,1,1,
Upper Bar BC,2,2022-07-27,2022,UW,JB,,1,1,
Upper Bar BC,2,2022-07-27,2022,UW,JB,,1,1,
Upper Bar BC,2,2022-07-27,2022,UW,JB,,1,1,
Upper Bar BC,2,2022-07-27,2022,UW,JB,,5,5,
Upper Bar BC,2,2022-07-27,2022,UW,JB,,3,3,
Upper Bar BC,2,2022-07-27,2022,UW,JB,,1,1,
Upper Bar BC,2,2022-07-27,2022,UW,JB,,2,2,
Upper Bar BC,2,2022-07-27,2022,UW,JB,,3,3,
Upper Bar BC,2,2022-07-27,2022,UW,JB,,2,2,
Upper Bar BC,2,2022-07-27,2022,UW,JB,,2,2,
Upper Bar BC,2,2022-07-27,2022,UW,JB,,1,1,
Upper Bar BC,2,2022-07-27,2022,UW,JB,,1,1,
Upper Bar BC,2,2022-07-27,2022,UW,JB,,2,2,
Upper Bar BC,2,2022-07-27,2022,UW,JB,,3,3,
Upper Bar BC,2,2022-07-27,2022,UW,JB,,1,1,
Upper Bar BC,2,2022-07-27,2022,UW,JB,,1,1,
Upper Bar BC,2,2022-07-27,2022,UW,JB,,3,3,
Upper Bar BC,2,2022-07-27,2022,UW,JB,,4,4,
Upper Bar BC,2,2022-07-27,2022,UW,JB,,2,2,
Upper Bar BC,2,2022-07-27,2022,UW,JB,,1,1,
Upper Bar BC,2,2022-07-27,2022,UW,JB,,2,3,
Upper Bar BC,2,2022-07-27,2022,UW,JB,,3,3,
Upper Bar BC,2,2022-07-27,2022,UW,JB,,2,2,
Upper Bar BC,2,2022-07-27,2022,UW,JB,,1,1,
Upper Bar BC,2,2022-07-27,2022,UW,JB,,11,11,
Upper Bar BC,2,2022-07-27,2022,UW,JB,,2,3,
Upper Bar BC,2,2022-07-27,2022,UW,JB,,1,1,
Upper Bar BC,2,2022-07-27,2022,UW,JB,,2,2,
Upper Bar BC,2,2022-07-27,2022,UW,JB,,2,2,
Upper Bar BC,2,2022-07-27,2022,UW,JB,,1,1,
Upper Bar BC,2,2022-07-27,2022,UW,JB,,4,5,
Upper Bar BC,2,2022-07-27,2022,UW,JB,,1,1,
Upper Bar BC,2,2022-07-27,2022,UW,JB,,1,1,
Upper Bar BC,2,2022-07-27,2022,UW,JB,,2,2,
Upper Bar BC,3,2022-07-27,2022,UW,JB,,5,5,
Upper Bar BC,3,2022-07-27,2022,UW,JB,,5,5,
Upper Bar BC,3,2022-07-27,2022,UW,JB,,2,3,
Upper Bar BC,3,2022-07-27,2022,UW,JB,,5,5,
Upper Bar BC,3,2022-07-27,2022,UW,JB,,1,1,
Upper Bar BC,3,2022-07-27,2022,UW,JB,,1,1,
Upper Bar BC,3,2022-07-27,2022,UW,JB,,1,1,
Upper Bar BC,3,2022-07-27,2022,UW,JB,,3,4,
Upper Bar BC,3,2022-07-27,2022,UW,JB,,1,1,
Upper Bar BC,3,2022-07-27,2022,UW,JB,,1,2,
Upper Bar BC,3,2022-07-27,2022,UW,JB,,2,2,
Upper Bar BC,3,2022-07-27,2022,UW,JB,,1,1,
Upper Bar BC,3,2022-07-27,2022,UW,JB,,1,1,
Upper Bar BC,3,2022-07-27,2022,UW,JB,,1,2,
Upper Bar BC,4,2022-07-27,2022,UW,JB,,1,1,
Upper Bar BC,4,2022-07-27,2022,UW,JB,,1,2,
Upper Bar BC,4,2022-07-27,2022,UW,JB,,1,2,
Upper Bar BC,4,2022-07-27,2022,UW,JB,,1,2,
Upper Bar BC,4,2022-07-27,2022,UW,JB,,2,3,
Upper Bar BC,4,2022-07-27,2022,UW,JB,,1,1,
Upper Bar BC,4,2022-07-27,2022,UW,JB,,2,2,
Upper Bar BC,4,2022-07-27,2022,UW,JB,,1,1,
Upper Bar BC,4,2022-07-27,2022,UW,JB,,1,1,
Fall,1,2022-07-31,2022,UW,JB,,1,2,
Fall,1,2022-07-31,2022,UW,JB,,1,1,
Fall,1,2022-07-31,2022,UW,JB,,1,1,
Fall,1,2022-07-31,2022,UW,JB,,1,1,
Fall,1,2022-07-31,2022,UW,JB,,1,2,
Fall,1,2022-07-31,2022,UW,JB,,1,1,
Fall,1,2022-07-31,2022,UW,JB,,1,1,
Fall,2,2022-07-31,2022,UW,JB,,1,1,
Fall,2,2022-07-31,2022,UW,JB,,1,2,
Fall,2,2022-07-31,2022,UW,JB,,1,1,
Fall,3,2022-07-31,2022,UW,JB,,1,1,
Fall,3,2022-07-31,2022,UW,JB,,1,2,
Fall,3,2022-07-31,2022,UW,JB,,1,1,
Fall,3,2022-07-31,2022,UW,JB,,2,2,
Fall,3,2022-07-31,2022,UW,JB,,1,1,
Fall,3,2022-07-31,2022,UW,JB,,1,1,
Fall,3,2022-07-31,2022,UW,JB,,1,2,
Fall,3,2022-07-31,2022,UW,JB,,1,1,
Fall,3,2022-07-31,2022,UW,JB,,1,1,
Fall,3,2022-07-31,2022,UW,JB,,2,2,
Fall,3,2022-07-31,2022,UW,JB,,2,3,
Fall,4,2022-07-31,2022,UW,JB,,1,1,
Fall,4,2022-07-31,2022,UW,JB,,1,1,
Fall,4,2022-07-31,2022,UW,JB,,1,2,
Fall,4,2022-07-31,2022,UW,JB,,1,1,
Flat,1,2022-08-03,2022,UW,JB,,,,no redds
Flat,2,2022-08-03,2022,UW,JB,,1,2,
Flat,2,2022-08-03,2022,UW,JB,,1,2,
Flat,2,2022-08-03,2022,UW,JB,,1,1,
Flat,2,2022-08-03,2022,UW,JB,,2,3,
Flat,2,2022-08-03,2022,UW,JB,,1,1,
Flat,2,2022-08-03,2022,UW,JB,,1,2,
Flat,2,2022-08-03,2022,UW,JB,,2,3,
Flat,3,2022-08-03,2022,UW,JB,,1,1,
Flat,3,2022-08-03,2022,UW,JB,,1,2,
Flat,3,2022-08-03,2022,UW,JB,,1,1,
Flat,4,2022-08-03,2022,UW,JB,,1,1,
Flat,4,2022-08-03,2022,UW,JB,,1,2,